variant,variant_label,turn_difficulty,turn_difficulty_label,grid_level,subdivision,visual_condition,visual_condition_label,n_runs,n_rows,mean_turn_count,mean_precision,std_precision,sample_std_precision,min_precision,max_precision,mean_recall,std_recall,sample_std_recall,min_recall,max_recall,mean_f1,std_f1,sample_std_f1,min_f1,max_f1,mean_tile_accuracy,std_tile_accuracy,sample_std_tile_accuracy,min_tile_accuracy,max_tile_accuracy,mean_exact_match,std_exact_match,sample_std_exact_match,min_exact_match,max_exact_match,mean_missed_tile_rate,std_missed_tile_rate,sample_std_missed_tile_rate,min_missed_tile_rate,max_missed_tile_rate,mean_extra_tile_rate,std_extra_tile_rate,sample_std_extra_tile_rate,min_extra_tile_rate,max_extra_tile_rate,n_batches_for_inner_batch_std,mean_inner_batch_std_precision,mean_inner_batch_std_recall,mean_inner_batch_std_f1,mean_inner_batch_std_tile_accuracy,mean_inner_batch_std_exact_match,mean_inner_batch_std_missed_tile_rate,mean_inner_batch_std_extra_tile_rate
L0_path_only,L0: No annotations,easy,Easy (1 turn),0.0,1.0,path_only,No annotations,15,15,1.0,0.23554666666666665,0.2172095543222924,0.22483324889687425,0.0,0.6667,0.16888666666666668,0.21435003107586015,0.22187336113412165,0.0,0.8,0.18949333333333335,0.2079792216117327,0.21527894683963167,0.0,0.7273,0.16888666666666668,0.21435003107586015,0.22187336113412165,0.0,0.8,0.0,0.0,0.0,0.0,0.0,0.8311133333333333,0.21435003107586018,0.2218733611341217,0.2,1.0,0.7644533333333335,0.2172095543222924,0.22483324889687425,0.3333,1.0,5,0.05971752469380789,0.07542472332656507,0.06557236884203249,0.07542472332656507,0.0,0.0754247233265651,0.0597175246938079
L0_path_only,L0: No annotations,medium,Medium (2 turns),0.0,1.0,path_only,No annotations,12,12,2.0,0.2125,0.3156507827753111,0.329686490196644,0.0,0.75,0.17778333333333332,0.25104694392793464,0.26220998120289823,0.0,0.6,0.19224166666666664,0.27968145707314157,0.29211775476939966,0.0,0.6667,0.17778333333333332,0.25104694392793464,0.26220998120289823,0.0,0.6,0.0,0.0,0.0,0.0,0.0,0.8222166666666667,0.25104694392793464,0.26220998120289823,0.4,1.0,0.7875,0.31565078277531117,0.329686490196644,0.25,1.0,4,0.020412414523193152,0.019645783403966242,0.018985096494063148,0.019645783403966242,0.0,0.019645783403966256,0.020412414523193145
L0_path_only,L0: No annotations,hard,Hard (3 turns),0.0,1.0,path_only,No annotations,15,15,3.0,0.33658,0.34146075850674257,0.3534454639686298,0.0,0.875,0.25166666666666665,0.28874248426967275,0.2988768658701789,0.0,0.875,0.28420666666666666,0.30764500638813486,0.3184428351181656,0.0,0.875,0.25166666666666665,0.28874248426967275,0.2988768658701789,0.0,0.875,0.0,0.0,0.0,0.0,0.0,0.7483333333333334,0.28874248426967275,0.2988768658701789,0.125,1.0,0.66342,0.3414607585067426,0.3534454639686298,0.125,1.0,5,0.05662825468454049,0.08560825852153432,0.07674121030041899,0.08560825852153432,0.0,0.08560825852153432,0.05662825468454051
L0_path_only,L0: No annotations,very_hard,Very hard (>3 turns),0.0,1.0,path_only,No annotations,17,17,4.176470588235294,0.22246470588235295,0.29142924061208586,0.3003983853592935,0.0,0.7143,0.14837058823529412,0.20225131647853625,0.20847588519030769,0.0,0.625,0.17143529411764705,0.23173498032724027,0.23886695025991056,0.0,0.6667,0.14837058823529412,0.20225131647853625,0.20847588519030769,0.0,0.625,0.0,0.0,0.0,0.0,0.0,0.8516294117647059,0.20225131647853628,0.20847588519030769,0.375,1.0,0.777535294117647,0.29142924061208586,0.3003983853592935,0.2857,1.0,6,0.07614330099929613,0.05252493307980042,0.05549685708626446,0.05252493307980042,0.0,0.05252493307980042,0.07614330099929614
L1_path_only,L1: No annotations,easy,Easy (1 turn),1.0,2.0,path_only,No annotations,15,15,1.0,0.05538,0.07820343726461132,0.08094824801774808,0.0,0.2,0.031760000000000004,0.04102182833565564,0.042461626373535365,0.0,0.1,0.04,0.05332500351617428,0.055196622567482714,0.0,0.1333,0.031760000000000004,0.04102182833565564,0.042461626373535365,0.0,0.1,0.0,0.0,0.0,0.0,0.0,0.96824,0.04102182833565563,0.04246162637353536,0.9,1.0,0.94462,0.0782034372646113,0.08094824801774805,0.8,1.0,5,5.551115123125783e-18,2.7755575615628915e-18,0.0,2.7755575615628915e-18,0.0,2.2204460492503132e-17,4.4408920985006264e-17
L1_path_only,L1: No annotations,medium,Medium (2 turns),1.0,2.0,path_only,No annotations,12,12,2.0,0.0,0.0,0.0,0.0,0.0,0.0,0.0,0.0,0.0,0.0,0.0,0.0,0.0,0.0,0.0,0.0,0.0,0.0,0.0,0.0,0.0,0.0,0.0,0.0,0.0,1.0,0.0,0.0,1.0,1.0,1.0,0.0,0.0,1.0,1.0,4,0.0,0.0,0.0,0.0,0.0,0.0,0.0
L1_path_only,L1: No annotations,hard,Hard (3 turns),1.0,2.0,path_only,No annotations,15,15,3.0,0.42912,0.33265497681531836,0.34433061396612086,0.0,1.0,0.30438666666666664,0.29029435375532575,0.3004832033971442,0.0,0.84,0.35242000000000007,0.31082925044682225,0.32173884085432664,0.0,0.913,0.30438666666666664,0.29029435375532575,0.3004832033971442,0.0,0.84,0.0,0.0,0.0,0.0,0.0,0.6956133333333334,0.29029435375532575,0.3004832033971442,0.16,1.0,0.57088,0.33265497681531836,0.34433061396612086,0.0,1.0,5,0.016682057606661298,0.00906039488960363,0.01020128419361827,0.00906039488960363,0.0,0.009060394889603637,0.01668205760666129
L1_path_only,L1: No annotations,very_hard,Very hard (>3 turns),1.0,2.0,path_only,No annotations,17,17,4.176470588235294,0.3705235294117647,0.3766366145854208,0.38822813610268475,0.0,0.973,0.32132941176470586,0.36995787958139215,0.3813438536359048,0.0,1.0,0.34035294117647064,0.3731226326048015,0.3846060063845322,0.0,0.9863,0.32132941176470586,0.36995787958139215,0.3813438536359048,0.0,1.0,0.0,0.0,0.0,0.0,0.0,0.6786705882352941,0.36995787958139215,0.3813438536359048,0.0,1.0,0.6294764705882352,0.3766366145854208,0.38822813610268475,0.027,1.0,6,0.004509769915567543,0.005727564927611034,0.005036171630450863,0.005727564927611034,0.0,0.005727564927611034,0.0045097699155675535
L2_path_only,L2: No annotations,easy,Easy (1 turn),2.0,4.0,path_only,No annotations,15,15,1.0,0.028893333333333337,0.03954357034405917,0.04093148398180038,0.0,0.1,0.0164,0.02138373213449888,0.022134265614330066,0.0,0.0526,0.02086666666666667,0.027690230928775025,0.028662112041276142,0.0,0.069,0.0164,0.02138373213449888,0.022134265614330066,0.0,0.0526,0.0,0.0,0.0,0.0,0.0,0.9835999999999998,0.021383732134498873,0.022134265614330056,0.9474,1.0,0.9711066666666665,0.039543570344059156,0.04093148398180037,0.9,1.0,5,0.0007825315045131155,0.0,0.00023570226039551539,0.0,0.0,0.0,0.0007825315045131207
L2_path_only,L2: No annotations,medium,Medium (2 turns),2.0,4.0,path_only,No annotations,12,12,2.0,0.015149999999999999,0.0502468655738843,0.052481139469336975,0.0,0.1818,0.013891666666666665,0.04607344604602042,0.0481221449369553,0.0,0.1667,0.014491666666666667,0.04806342092023366,0.050200605906037955,0.0,0.1739,0.013891666666666665,0.04607344604602042,0.0481221449369553,0.0,0.1667,0.0,0.0,0.0,0.0,0.0,0.9861083333333333,0.04607344604602042,0.0481221449369553,0.8333,1.0,0.9848500000000001,0.050246865573884296,0.05248113946933697,0.8182,1.0,4,0.02142533546995239,0.019645783403966242,0.0204943115413901,0.019645783403966242,0.0,0.019645783403966242,0.021425335469952386
L2_path_only,L2: No annotations,hard,Hard (3 turns),2.0,4.0,path_only,No annotations,15,15,3.0,0.15222666666666665,0.24965728633913775,0.25841984241226706,0.0,1.0,0.11225333333333334,0.20822111281573302,0.21552932802311436,0.0,0.84,0.12837333333333334,0.22690928721015857,0.23487342629797944,0.0,0.913,0.11225333333333334,0.20822111281573302,0.21552932802311436,0.0,0.84,0.0,0.0,0.0,0.0,0.0,0.8877466666666667,0.20822111281573302,0.21552932802311436,0.16,1.0,0.8477733333333333,0.24965728633913775,0.25841984241226706,0.0,1.0,5,0.10371594129538027,0.0839382889720511,0.0925511898200092,0.0839382889720511,0.0,0.08393828897205115,0.10371594129538028
L2_path_only,L2: No annotations,very_hard,Very hard (>3 turns),2.0,4.0,path_only,No annotations,17,17,4.176470588235294,0.22247647058823528,0.33805968239074513,0.3484639445649502,0.0,1.0,0.19321176470588233,0.3284868801791435,0.33859652590205525,0.0,0.9565,0.20497647058823532,0.33365943455849734,0.343928272917137,0.0,0.9778,0.19321176470588233,0.3284868801791435,0.33859652590205525,0.0,0.9565,0.0,0.0,0.0,0.0,0.0,0.8067882352941176,0.3284868801791435,0.3385965259020553,0.0435,1.0,0.7775235294117647,0.33805968239074513,0.3484639445649502,0.0,1.0,6,0.14069751724985788,0.1378447708867109,0.1394409798550329,0.1378447708867109,0.0,0.1378447708867109,0.1406975172498579
L0_grid,L0: Grid,easy,Easy (1 turn),0.0,1.0,grid,Grid,15,15,1.0,1.0,0.0,0.0,1.0,1.0,0.8275933333333334,0.12221563711553263,0.1265052029797683,0.5556,1.0,0.9005466666666667,0.07677878931637881,0.07947359729285357,0.7143,1.0,0.8275933333333334,0.12221563711553263,0.1265052029797683,0.5556,1.0,0.2,0.4000000000000001,0.4140393356054126,0.0,1.0,0.17240666666666668,0.12221563711553261,0.1265052029797683,0.0,0.4444,0.0,0.0,0.0,0.0,0.0,5,0.0,0.010474608451976746,0.008079873486358283,0.010474608451976746,0.0,0.010474608451976734,0.0
L0_grid,L0: Grid,medium,Medium (2 turns),0.0,1.0,grid,Grid,12,12,2.0,0.958325,0.07218321740543295,0.07539291171166979,0.8333,1.0,0.9570666666666666,0.06453948834283979,0.06740929708380981,0.8333,1.0,0.9567083333333334,0.06183451649811417,0.06458404613487384,0.8333,1.0,0.9570666666666666,0.06453948834283979,0.06740929708380981,0.8333,1.0,0.5833333333333334,0.4930066485916347,0.5149286505444373,0.0,1.0,0.04293333333333333,0.0645394883428398,0.06740929708380984,0.0,0.1667,0.041675,0.07218321740543295,0.07539291171166979,0.0,0.1667,4,0.039291566807932485,0.030358451138942436,0.03596816493635571,0.030358451138942436,0.35355339059327373,0.030358451138942436,0.039291566807932485
L0_grid,L0: Grid,hard,Hard (3 turns),0.0,1.0,grid,Grid,15,15,3.0,0.9074466666666666,0.14589316578312447,0.15101377357553789,0.6154,1.0,0.9000799999999999,0.1136006467117742,0.11758784072222045,0.7273,1.0,0.89218,0.09623845523836441,0.09961626516645908,0.7059,1.0,0.9000799999999999,0.1136006467117742,0.11758784072222045,0.7273,1.0,0.3333333333333333,0.47140452079103173,0.48795003647426666,0.0,1.0,0.09992,0.1136006467117742,0.11758784072222045,0.0,0.2727,0.09255333333333333,0.14589316578312445,0.15101377357553789,0.0,0.3846,5,0.018309351587523677,0.04242640687119287,0.02245771137048475,0.04242640687119287,0.09428090415820634,0.042426406871192854,0.018309351587523674
L0_grid,L0: Grid,very_hard,Very hard (>3 turns),0.0,1.0,grid,Grid,17,17,4.176470588235294,1.0,0.0,0.0,1.0,1.0,0.9820294117647059,0.032915234532961524,0.03392824716784458,0.9167,1.0,0.9906411764705884,0.017159667445822216,0.017687780344899453,0.9565,1.0,0.9820294117647059,0.032915234532961524,0.03392824716784458,0.9167,1.0,0.7647058823529411,0.42418250299576343,0.43723731609760313,0.0,1.0,0.017970588235294117,0.03291523453296151,0.03392824716784457,0.0,0.0833,0.0,0.0,0.0,0.0,0.0,6,0.0,0.004633333333333332,0.0023833333333333298,0.004633333333333332,0.08333333333333333,0.004633333333333333,0.0
L1_grid,L1: Grid,easy,Easy (1 turn),1.0,2.0,grid,Grid,15,15,1.0,0.8857733333333332,0.21647299898345035,0.2240708416890473,0.4545,1.0,0.7434733333333334,0.13408984782185746,0.13879617875898184,0.5833,0.9,0.7984866666666668,0.16013316486252585,0.16575357297018048,0.5128,0.9474,0.7434733333333334,0.13408984782185746,0.13879617875898184,0.5833,0.9,0.0,0.0,0.0,0.0,0.0,0.2565266666666666,0.13408984782185746,0.13879617875898184,0.1,0.4167,0.11422666666666667,0.21647299898345032,0.22407084168904728,0.0,0.5455,5,0.007250201529766076,0.013755583916682296,0.009500918956143689,0.013755583916682296,0.0,0.013755583916682312,0.007250201529766067
L1_grid,L1: Grid,medium,Medium (2 turns),1.0,2.0,grid,Grid,12,12,2.0,0.984125,0.040478371282286874,0.0422782799383496,0.8571,1.0,0.9318166666666667,0.08041387559923278,0.08398955382376518,0.8,1.0,0.9546,0.04476587241787356,0.04675642882389154,0.8889,1.0,0.9318166666666667,0.08041387559923278,0.08398955382376518,0.8,1.0,0.4166666666666667,0.4930066485916347,0.5149286505444373,0.0,1.0,0.06818333333333333,0.08041387559923281,0.08398955382376522,0.0,0.2,0.015875,0.040478371282286874,0.04227827993834961,0.0,0.1429,4,0.022450640302672884,0.025952186543345225,0.023843907988244716,0.025952186543345225,0.11785113019775792,0.025952186543345232,0.022450640302672884
L1_grid,L1: Grid,hard,Hard (3 turns),1.0,2.0,grid,Grid,15,15,3.0,0.7765199999999999,0.1747182463281955,0.1808505665696722,0.4565,1.0,0.67472,0.20924532714814287,0.21658949057738563,0.2632,1.0,0.6882666666666667,0.13990933572218198,0.1448199210185171,0.3846,0.9333,0.67472,0.20924532714814287,0.21658949057738563,0.2632,1.0,0.0,0.0,0.0,0.0,0.0,0.32528000000000007,0.2092453271481429,0.2165894905773857,0.0,0.7368,0.22347999999999998,0.1747182463281955,0.1808505665696722,0.0,0.5435,5,0.034404123725140914,0.08457231810277852,0.06016260935999671,0.08457231810277852,0.0,0.08457231810277852,0.0344041237251409
L1_grid,L1: Grid,very_hard,Very hard (>3 turns),1.0,2.0,grid,Grid,17,17,4.176470588235294,0.9374294117647058,0.06875229848312565,0.07086824716247998,0.75,1.0,0.852464705882353,0.08362537569546467,0.0861990642435902,0.6957,0.9565,0.8909764705882353,0.06764618618362983,0.06972809270132595,0.75,0.9778,0.852464705882353,0.08362537569546467,0.0861990642435902,0.6957,0.9565,0.0,0.0,0.0,0.0,0.0,0.14753529411764704,0.08362537569546467,0.0861990642435902,0.0435,0.3043,0.06257058823529413,0.06875229848312565,0.07086824716247998,0.0,0.25,6,0.031374049725194204,0.04230379024078465,0.03647921214620187,0.04230379024078465,0.0,0.04230379024078466,0.03137404972519419
L2_grid,L2: Grid,easy,Easy (1 turn),2.0,4.0,grid,Grid,15,15,1.0,0.97778,0.08313962713411699,0.08605768995272882,0.6667,1.0,0.4396666666666667,0.29103467987318776,0.3012495137320715,0.0588,0.8824,0.55266,0.2905618483788492,0.3007600866376483,0.1081,0.9375,0.4396666666666667,0.29103467987318776,0.3012495137320715,0.0588,0.8824,0.0,0.0,0.0,0.0,0.0,0.5603333333333332,0.29103467987318776,0.3012495137320715,0.1176,0.9412,0.02222,0.08313962713411698,0.0860576899527288,0.0,0.3333,5,0.03142382535593018,0.025778156416183983,0.020830268476923534,0.025778156416183983,0.0,0.025778156416184046,0.03142382535593018
L2_grid,L2: Grid,medium,Medium (2 turns),2.0,4.0,grid,Grid,12,12,2.0,0.9183583333333334,0.09453748338034439,0.09874118104080655,0.6957,1.0,0.7811750000000001,0.19757798934851015,0.2063634795253709,0.4773,1.0,0.8252250000000001,0.12627926805959347,0.13189439387769156,0.6462,1.0,0.7811750000000001,0.19757798934851015,0.2063634795253709,0.4773,1.0,0.16666666666666666,0.3726779962499649,0.38924947208076144,0.0,1.0,0.21882500000000002,0.19757798934851017,0.20636347952537093,0.0,0.5227,0.08164166666666667,0.09453748338034437,0.09874118104080655,0.0,0.3043,4,0.06548109608123279,0.05482434576799698,0.02939408373115844,0.05482434576799698,0.11785113019775792,0.05482434576799698,0.06548109608123279
L2_grid,L2: Grid,hard,Hard (3 turns),2.0,4.0,grid,Grid,15,15,3.0,0.60282,0.2214757569878323,0.22924918818986972,0.1333,1.0,0.4416333333333334,0.23458132254910855,0.2428147373341797,0.0465,0.88,0.48012666666666665,0.2092051543873196,0.2165479078193839,0.069,0.7692,0.4416333333333334,0.23458132254910855,0.2428147373341797,0.0465,0.88,0.0,0.0,0.0,0.0,0.0,0.5583666666666666,0.23458132254910852,0.24281473733417966,0.12,0.9535,0.39718000000000003,0.22147575698783228,0.2292491881898697,0.0,0.8667,5,0.13138889229353823,0.1463090068366421,0.12035277709321864,0.1463090068366421,0.0,0.1463090068366421,0.13138889229353823
L2_grid,L2: Grid,very_hard,Very hard (>3 turns),2.0,4.0,grid,Grid,17,17,4.176470588235294,0.688064705882353,0.2444105777560193,0.2519326570265764,0.3,1.0,0.5534470588235294,0.23572483988415033,0.24297960335604063,0.0274,0.8158,0.5721588235294118,0.24544078250417753,0.2529945677747438,0.0533,0.8571,0.5534470588235294,0.23572483988415033,0.24297960335604063,0.0274,0.8158,0.0,0.0,0.0,0.0,0.0,0.4465529411764706,0.23572483988415033,0.24297960335604063,0.1842,0.9726,0.31193529411764703,0.24441057775601926,0.2519326570265764,0.0,0.7,6,0.09248562713026577,0.10857301458224759,0.11130595294654,0.10857301458224759,0.0,0.10857301458224762,0.09248562713026577
L0_grid_labels,L0: Grid + labels,easy,Easy (1 turn),0.0,1.0,grid_labels,Grid + labels,15,15,1.0,0.9604333333333331,0.08642426099706545,0.08945760900853436,0.6923,1.0,0.8572200000000001,0.1053968766140629,0.1090961319204306,0.6667,1.0,0.9008066666666666,0.07555404658623889,0.07820586812716683,0.75,1.0,0.8572200000000001,0.1053968766140629,0.1090961319204306,0.6667,1.0,0.2,0.4000000000000001,0.4140393356054126,0.0,1.0,0.14278000000000002,0.10539687661406291,0.10909613192043062,0.0,0.3333,0.03956666666666667,0.08642426099706545,0.08945760900853436,0.0,0.3077,5,0.015537493005272398,0.0314238253559302,0.0064299576635896746,0.0314238253559302,0.0,0.03142382535593018,0.015537493005272403
L0_grid_labels,L0: Grid + labels,medium,Medium (2 turns),0.0,1.0,grid_labels,Grid + labels,12,12,2.0,1.0,0.0,0.0,1.0,1.0,1.0,0.0,0.0,1.0,1.0,1.0,0.0,0.0,1.0,1.0,1.0,0.0,0.0,1.0,1.0,1.0,0.0,0.0,1.0,1.0,0.0,0.0,0.0,0.0,0.0,0.0,0.0,0.0,0.0,0.0,4,0.0,0.0,0.0,0.0,0.0,0.0,0.0
L0_grid_labels,L0: Grid + labels,hard,Hard (3 turns),0.0,1.0,grid_labels,Grid + labels,15,15,3.0,0.9308133333333333,0.11809699328188766,0.1222420015885741,0.6667,1.0,0.7456866666666666,0.19949067101551946,0.20649246221685902,0.4,1.0,0.8043933333333335,0.14166513787410398,0.14663734890960795,0.5714,0.96,0.7456866666666666,0.19949067101551946,0.20649246221685902,0.4,1.0,0.0,0.0,0.0,0.0,0.0,0.2543133333333334,0.19949067101551946,0.20649246221685902,0.0,0.6,0.06918666666666667,0.11809699328188766,0.1222420015885741,0.0,0.3333,5,0.024172429415705587,0.04071049441551354,0.015157499096235922,0.04071049441551354,0.0,0.0407104944155135,0.024172429415705587
L0_grid_labels,L0: Grid + labels,very_hard,Very hard (>3 turns),0.0,1.0,grid_labels,Grid + labels,17,17,4.176470588235294,0.9934647058823529,0.02614117647058823,0.026945707941536588,0.8889,1.0,0.9771294117647059,0.035936901642378415,0.03704291033223975,0.9167,1.0,0.9846235294117648,0.021454453244346274,0.022114744216578795,0.9412,1.0,0.9771294117647059,0.035936901642378415,0.03704291033223975,0.9167,1.0,0.6470588235294118,0.47788461203740945,0.492592183071889,0.0,1.0,0.022870588235294115,0.0359369016423784,0.037042910332239734,0.0,0.0833,0.006535294117647059,0.02614117647058824,0.026945707941536598,0.0,0.1111,6,0.008728840376647269,0.01117799943031549,0.010420780412820416,0.01117799943031549,0.24046817359701056,0.01117799943031549,0.008728840376647269
L1_grid_labels,L1: Grid + labels,easy,Easy (1 turn),1.0,2.0,grid_labels,Grid + labels,15,15,1.0,0.9388933333333334,0.12346859501733856,0.1278021376227815,0.6667,1.0,0.5414333333333333,0.2610355548366714,0.27019746923491417,0.1176,0.8889,0.6584866666666666,0.24265700310429034,0.2511738608632522,0.2,0.9412,0.5414333333333333,0.2610355548366714,0.27019746923491417,0.1176,0.8889,0.0,0.0,0.0,0.0,0.0,0.4585666666666666,0.26103555483667135,0.2701974692349141,0.1111,0.8824,0.061106666666666656,0.12346859501733855,0.1278021376227815,0.0,0.3333,5,0.007853599316378591,0.05051654143339381,0.05157699306191614,0.05051654143339381,0.0,0.050516541433393805,0.007853599316378586
L1_grid_labels,L1: Grid + labels,medium,Medium (2 turns),1.0,2.0,grid_labels,Grid + labels,12,12,2.0,0.9785333333333334,0.050433030402262706,0.05267558229101002,0.8333,1.0,0.9278583333333335,0.0655549064821916,0.06846986674088938,0.8,1.0,0.9501750000000002,0.03874345374812799,0.0404662176726127,0.8889,1.0,0.9278583333333335,0.0655549064821916,0.06846986674088938,0.8,1.0,0.25,0.4330127018922193,0.45226701686664544,0.0,1.0,0.07214166666666666,0.06555490648219162,0.0684698667408894,0.0,0.2,0.021466666666666665,0.05043303040226272,0.052675582291010034,0.0,0.1667,4,0.030358451138942436,0.04839027283214087,0.026323753320687475,0.04839027283214087,0.23570226039551584,0.048390272832140875,0.030358451138942436
L1_grid_labels,L1: Grid + labels,hard,Hard (3 turns),1.0,2.0,grid_labels,Grid + labels,15,15,3.0,0.5893066666666666,0.22070291484758922,0.22844922057418446,0.2667,1.0,0.5582600000000001,0.33902002458065317,0.35091906433576064,0.1579,1.0,0.54456,0.2708832117352421,0.2803907625337998,0.2,0.9677,0.5582600000000001,0.33902002458065317,0.35091906433576064,0.1579,1.0,0.0,0.0,0.0,0.0,0.0,0.44173999999999997,0.33902002458065317,0.35091906433576064,0.0,0.8421,0.4106933333333333,0.22070291484758922,0.22844922057418443,0.0,0.7333,5,0.1429095340676872,0.06366146630887713,0.07835717538424206,0.06366146630887713,0.0,0.06366146630887712,0.1429095340676872
L1_grid_labels,L1: Grid + labels,very_hard,Very hard (>3 turns),1.0,2.0,grid_labels,Grid + labels,17,17,4.176470588235294,0.8930941176470588,0.15883146995400774,0.16371973182312294,0.4808,1.0,0.5800588235294118,0.2871871495954051,0.2960257380254788,0.1389,1.0,0.6448411764705881,0.25012005366558426,0.2578178500870904,0.2439,1.0,0.5800588235294118,0.2871871495954051,0.2960257380254788,0.1389,1.0,0.11764705882352941,0.32218973970892123,0.3321055820775357,0.0,1.0,0.4199411764705882,0.2871871495954051,0.2960257380254788,0.0,0.8611,0.10690588235294118,0.15883146995400774,0.16371973182312294,0.0,0.5192,6,0.04466948891032832,0.044706938755891094,0.03510000427447344,0.044706938755891094,0.07856742013183861,0.0447069387558911,0.04466948891032831
L2_grid_labels,L2: Grid + labels,easy,Easy (1 turn),2.0,4.0,grid_labels,Grid + labels,15,15,1.0,0.7288933333333334,0.3562222086781726,0.368725016522508,0.0,1.0,0.2769533333333333,0.21921573503945582,0.2269098432249711,0.0,0.6842,0.3760666666666667,0.26001328598532975,0.26913932044486516,0.0,0.8125,0.2769533333333333,0.21921573503945582,0.2269098432249711,0.0,0.6842,0.0,0.0,0.0,0.0,0.0,0.7230466666666666,0.2192157350394558,0.22690984322497107,0.3158,1.0,0.2711066666666666,0.3562222086781726,0.368725016522508,0.0,1.0,5,0.2690269495128987,0.10621546075920374,0.13473716141096226,0.10621546075920374,0.0,0.10621546075920371,0.26902694951289874
L2_grid_labels,L2: Grid + labels,medium,Medium (2 turns),2.0,4.0,grid_labels,Grid + labels,12,12,2.0,0.6457499999999999,0.41856164520095884,0.4371733804172603,0.0,1.0,0.2793333333333333,0.3308300654750445,0.3455407339053947,0.0,1.0,0.302475,0.26130407614182627,0.2729232063986298,0.0,0.96,0.2793333333333333,0.3308300654750445,0.3455407339053947,0.0,1.0,0.0,0.0,0.0,0.0,0.0,0.7206666666666668,0.3308300654750445,0.3455407339053947,0.0,1.0,0.35424999999999995,0.4185616452009588,0.4371733804172602,0.0,1.0,4,0.14145647309143675,0.21721055895541053,0.16757271051662412,0.21721055895541053,0.0,0.21721055895541055,0.14145647309143675
L2_grid_labels,L2: Grid + labels,hard,Hard (3 turns),2.0,4.0,grid_labels,Grid + labels,15,15,3.0,0.4827933333333334,0.32026631723544635,0.33150713301239126,0.0,1.0,0.22700666666666666,0.23328686908801555,0.24147485070667202,0.0,0.6,0.28775999999999996,0.26984064383755585,0.27931160223459595,0.0,0.7083,0.22700666666666666,0.23328686908801555,0.24147485070667202,0.0,0.6,0.0,0.0,0.0,0.0,0.0,0.7729933333333334,0.2332868690880155,0.24147485070667196,0.4,1.0,0.5172066666666667,0.3202663172354464,0.33150713301239126,0.0,1.0,5,0.13917262538524805,0.04166555737045796,0.04298847285374109,0.04166555737045796,0.0,0.041665557370457976,0.13917262538524805
L2_grid_labels,L2: Grid + labels,very_hard,Very hard (>3 turns),2.0,4.0,grid_labels,Grid + labels,17,17,4.176470588235294,0.5591941176470588,0.3314003771352681,0.34159968982455957,0.0,1.0,0.22488823529411764,0.20317328993729622,0.20942623367892851,0.0,0.6,0.290435294117647,0.2429416486250931,0.25041851953573757,0.0,0.6774,0.22488823529411764,0.20317328993729622,0.20942623367892851,0.0,0.6,0.0,0.0,0.0,0.0,0.0,0.7751117647058824,0.20317328993729622,0.20942623367892851,0.4,1.0,0.4408058823529412,0.3314003771352681,0.3415996898245595,0.0,1.0,6,0.15505708321863423,0.05939832821404129,0.058172015111124374,0.05939832821404129,0.0,0.05939832821404128,0.15505708321863423
